[
  {
    "index": 0,
    "previousHash": "0",
    "timestamp": "2023-09-11T13:40:24.337Z",
    "data": "Genesis Block",
    "nonce": 0,
    "hash": "b73d70f39a27c0d1d3586d6885643cffc49b813c35b93e4c3a26316913d25295"
  },
  {
    "index": 1,
    "previousHash": "b73d70f39a27c0d1d3586d6885643cffc49b813c35b93e4c3a26316913d25295",
    "timestamp": "2023-09-11T13:40:24.591Z",
    "data": "Sai Pavan",
    "nonce": 4424,
    "hash": "00007549d9642428267d5a472e1d8b57a58278af0028439c520506aba82ba1d1"
  },
  {
    "index": 2,
    "previousHash": "00007549d9642428267d5a472e1d8b57a58278af0028439c520506aba82ba1d1",
    "timestamp": "2023-09-11T13:41:35.653Z",
    "data": "9999999999",
    "nonce": 11506,
    "hash": "000011b42731ba11eb8efb58390107144a75b3f4ffa0cb3089869b8b90fd677e"
  },
  {
    "index": 3,
    "previousHash": "000011b42731ba11eb8efb58390107144a75b3f4ffa0cb3089869b8b90fd677e",
    "timestamp": "2023-09-11T13:43:28.184Z",
    "data": "{\"id\":0,\"name\":\"pavan,\"mobile\":\"9999999999\"}",
    "nonce": 11258,
    "hash": "0000c9dd95d0d29aa59e988030288831a8845af126b2189af2be11520113e021"
  },
  {
    "index": 4,
    "previousHash": "0000c9dd95d0d29aa59e988030288831a8845af126b2189af2be11520113e021",
    "timestamp": "2023-09-11T13:46:57.712Z",
    "data": "Hereby, me (Pavan) and you (students) comes to an agreement that has the following rules:\r\n\r\n1. You should pay attention during the class.\r\n2. Download the code by the end of the session.\r\n3. Modify the code based on your usecase.",
    "nonce": 53301,
    "hash": "ba548c35a5f4fbc692ac53318a2628b6102f498a7f649b96352c69e6563dacc9"
  }
]